Assay ID,Polymorphism_type,AVS-specific primer,Yr15-specific primer,Common primer,Specificity,Orientation
R1,non-homeologous,aactggtaatggtgcagCgG,aactggtaatggtgcagCgC,ttcaggataacacAggagatgtT,chromosome_semispecific,reverse
R2,non-homeologous,acatcaattcttcaggaaagctctaC,acatcaattcttcaggaaagctctaT,gcacagcttctcgtgttcTT,chromosome_specific,forward
R3,non-homeologous,acgtggagaacctagattgcG,acgtggagaacctagattgcC,ccttttaggtgcgccaactT,chromosome_semispecific,reverse
R4,non-homeologous,agactctttgggcagtggatC,agactctttgggcagtggatT,cctcgggcgatctattctcT,chromosome_specific,forward
R5,non-homeologous,agtcaacttggattacactgaagtT,agtcaacttggattacactgaagtC,agatatcacactgaacatactgatgaG,chromosome_specific,reverse
R6,non-homeologous,caagatgaagatgaagaggaatatgaT,caagatgaagatgaagaggaatatgaC,gCttgaccctgtaatcatactcG,chromosome_semispecific,forward
R7,non-homeologous,caccaccaTggaggccaC,caccaccaTggaggccaT,cgccgtggtagtgtccgG,chromosome_specific,forward
R8,non-homeologous,cagatccccggttctctcaaG,cagatccccggttctctcaaA,cccccaaatgatcgagaata,chromosome_inspecific,reverse
R9,non-homeologous,caggtgctgaaatgcatcC,caggtgctgaaatgcatcT,cggcctatcttcaggtctgt,chromosome_inspecific,reverse
R10,non-homeologous,cattcgtcgcgccttctacG,cattcgtcgcgccttctacA,tcctaactcatatgcatgactcAC,chromosome_specific,reverse
R11,non-homeologous,ccattctgatcaaggtcactgtcG,ccattctgatcaaggtcactgtcA,ttctgtaTggcaaCgggagC,chromosome_specific,reverse
R12,homeologous,cttagccagtgaaccAggcC,cttagccagtgaaccAggcT,ggctgtttgttacCgtggaG,chromosome_specific,reverse
R14,non-homeologous,gacTacAggtgcgatcccC,gacTacAggtgcgatcccT,ctcgcctgccagtcgTaT,chromosome_specific,forward
R15,homeologous,gactagggctaccAttgttgA,gactagggctaccAttgttgC,agccctgCtaacaatggcaA,chromosome_specific,reverse
R16,non-homeologous,gatgtaagcTAtgactggCgC,gatgtaagcTAtgactggCgT,tgcaactgatctttagcaggC,chromosome_semispecific,reverse
R17,non-homeologous,gcaAcaacaaCaaCaagtggT,gcaAcaacaaCaaCaagtggC,cctcaacctgcttgttgttgT,chromosome_specific,forward
R19,non-homeologous,gcctgatttttaattcgctccaG,gcctgatttttaattcgctccaA,agagcactgatgatgacccC,chromosome_specific,reverse
R20,non-homeologous,gctgtatcctcttgaaaaaggcT,gctgtatcctcttgaaaaaggcC,ttaggcatgtcagaaatgtagaaaa,chromosome_semispecific,forward
R21,non-homeologous,gcttcaaacatgccggctG,gcttcaaacatgccggctT,cggtctttttcaaccagggC,chromosome_semispecific,forward
R22,homeologous,gctTgtCttaaagccAtttccA,gctTgtCttaaagccAtttccG,gcctatcgttCgctaaactctaacT,chromosome_specific,reverse
R23,non-homeologous,gctttaggcactatggattcAcC,gctttaggcactatggattcAcT,caggtttctgttcgacctcA,chromosome_specific,forward
R24,non-homeologous,ggaggtcctacacgcgtctT,ggaggtcctacacgcgtctG,ctccaaaagaggggcatcattT,chromosome_semispecific,forward
R25,non-homeologous,gggttcctcacctgcgcC,gggttcctcacctgcgcT,ctctTtgcaatcggccagc,chromosome_inspecific,reverse
R26,non-homeologous,gtCttcgcCggcacCacC,gtCttcgcCggcacCacT,agtggatcttgccgatctcg,chromosome_inspecific,forward
R28,non-homeologous,tagatgagaccttggaCggA,tagatgagaccttggaCggG,cagtcatctaatgcggaacattcA,chromosome_semispecific,reverse
R29,non-homeologous,TatggtGtggccTtccccG,TatggtGtggccTtccccA,cgagctcgctgatgaacttG,chromosome_specific,forward
R30,non-homeologous,tcagcagcccttttaacccaA,tcagcagcccttttaacccaT,agtaaatcgggcacggttgt,chromosome_inspecific,reverse
R31,homeologous,tcatccatgtatatGaaTccaagcC,tcatccatgtatatGaaTccaagcA,tcacgcctgcaacAttcaaaT,chromosome_specific,reverse
R32,homeologous,tccaatcttatggctttgcttctG,tccaatcttatggctttgcttctT,caggtgatgtagatgctgagaC,chromosome_semispecific,reverse
R33,non-homeologous,tccttcctgctatagctgaaagG,tccttcctgctatagctgaaagT,ccctttgcctgccatgtaga,chromosome_inspecific,forward
R34,non-homeologous,tctgagatgatgatactTtgtggG,tctgagatgatgatactTtgtggA,actggggatgccctctgtat,chromosome_inspecific,forward
R35,non-homeologous,tgaaagagtggaatttcttgttgT,tgaaagagtggaatttcttgttgC,ctttTagctgcttaattctattgcttC,chromosome_specific,forward
R36,non-homeologous,tgaaatgccttgtcaatgccA,tgaaatgccttgtcaatgccG,ATGCGAATTGGGGAATTAAA,chromosome_inspecific,reverse
R37,non-homeologous,tgcatatgcctgaagagactcG,tgcatatgcctgaagagactcA,tgtccacctactcaagtctgc,chromosome_inspecific,reverse
R38,non-homeologous,tgGcCaagTtTttctgcaagaT,tgGcCaagTtTttctgcaagaG,tgtaggaaggaactcCgaagtA,chromosome_specific,forward
R40,non-homeologous,tgcatatgcctgaagagactcA,tgcatatgcctgaagagactcG,agtccgctaaagcattgcct,chromosome_nonspecific,reverse
R43,non-homeologous,tcgctgatttcatcatgtcccA,tcgctgatttcatcatgtcccG,tcaggtgctgcaaatttgagG,chromosome_semispecific,forward