IWGSC contig,Line,Position,Cadenza,Mutant,MAPS het/hom,M4 result,Primer 1 (Cadenza),Primer 2 (mutant),Common Primer
IWGSC_CSS_3B_scaff_10445294,Cadenza1772,6019,C,T,het,het,caggatAgtGggactgtcaaaG,caggatAgtGggactgtcaaaA,ggagacGGctGtggacatT
IWGSC_CSS_3DL_scaff_6955403,Cadenza1772,2418,C,T,het*,hom,tcagCggattgtcgggatG,tcagCggattgtcgggatA,tgtcCatgaaTcttgtccacG
IWGSC_CSS_4AL_scaff_7106846,Cadenza1772,11277,G,A,hom,hom,tgggatccatgcctacactG,tgggatccatgcctacactA,gatggtGgatttgccgctA
IWGSC_CSS_4AS_scaff_5991335,Cadenza1772,15710,G,A,hom,hom,ctggccctgcgctgctaC,ctggccctgcgctgctaT,gtggaaGttcagaaggaccaG
IWGSC_CSS_4BS_scaff_4956646,Cadenza1772,252,G,A,het*,hom,gcaggttgacttcccggaG,gcaggttgacttcccggaA,tGaggtacgaGcTaaagAaagC
IWGSC_CSS_4DS_scaff_1715962,Cadenza1772,1225,G,A,hom,hom,cagctgtggTatctcaactgG,cagctgtggTatctcaactgA,CcCtGaaACACcGtttggaT
IWGSC_CSS_5AL_scaff_2763407,Cadenza1772,2119,G,A,hom,hom,gcgacGaacctcgagatctG,gcgacGaacctcgagatctA,gaTggcaAtcgtCgtgcA
IWGSC_CSS_5AS_scaff_1548786,Cadenza1772,12625,C,T,het,het,AtaggcacattgctagactgaG,AtaggcacattgctagactgaA,ggattgggtgttgcacgC
IWGSC_CSS_5BL_scaff_10849226,Cadenza1772,2289,C,T,het*,hom,cctgacatcattgttcacgatC,cctgacatcattgttcacgatT,cactccgaggtgtccatgaT
IWGSC_CSS_5BS_scaff_2270737,Cadenza1772,2262,G,A,hom,---,attcCTgtgttgtggCaaatgaG,attcCTgtgttgtggCaaatgaA,taaGcacaaAccctccagctgG
IWGSC_CSS_1AL_scaff_3022915,Cadenza1661,891,C,T,hom,hom,ccacagtgagactcctattgaCG,ccacagtgagactcctattgaCA,atgtctgattcGtcGtagtcC
IWGSC_CSS_1AS_scaff_3297240,Cadenza1661,1970,C,T,het,het,catcccgccGtttcctcC,catcccgccGtttcctcT,gctcgccgatgaagagcT
IWGSC_CSS_1BL_scaff_3828996,Cadenza1661,1340,G,A,hom,hom,agccggatgttagtgttaacC,agccggatgttagtgttaacT,agcagcttgTcgcgttaaC
IWGSC_CSS_1DS_scaff_1884529,Cadenza1661,10575,G,A,hom,hom,aCagatacaAttgtcatgcaggC,aCagatacaAttgtcatgcaggT,acctgggTTgtccaatacttC
IWGSC_CSS_2AL_scaff_6318370,Cadenza1661,19142,C,T,het,---,cgtggcCgaatCtcGacG,cgtggcCgaatCtcGacA,ttcttgtgggagccgggC
IWGSC_CSS_2AS_scaff_5213460,Cadenza1661,1358,G,A,hom,hom,gtcacgaaCccgctcagG,gtcacgaaCccgctcagA,aggaaagagaggaaaagaGcG
IWGSC_CSS_2BS_scaff_5179331,Cadenza1661,5604,G,A,het,het,actctcgtcaagaactgatacaG,actctcgtcaagaactgatacaA,gcaGagaatgttcttgcaacT
IWGSC_CSS_2DS_scaff_5341235,Cadenza1661,4673,G,A,het,het,ggtgaggatctcggagctG,ggtgaggatctcggagctA,gcgcggtcgtacgagttG
IWGSC_CSS_3AL_scaff_4250995,Cadenza1661,7046,G,A,hom,hom,cCaagaaacgggtggtccaG,cCaagaaacgggtggtccaA,ctgcagctgtcccatcatcgT
IWGSC_CSS_3B_scaff_10404421,Cadenza1661,4303,G,A,het,het,ccttcgtcgaCaggacctG,ccttcgtcgaCaggacctA,GCcagtactCacAtgctctC
IWGSC_CSS_5DL_scaff_2390496,Cadenza1538,2125,C,T,hom,het,gcagttttatcctcagtagtcttgG,gcagttttatcctcagtagtcttgA,ttctgagaaTgtaatgtgcGatG
IWGSC_CSS_6AL_scaff_5753680,Cadenza1538,3920,C,T,hom,hom,tgctccaaatttgagcacaaTaaC,tgctccaaatttgagcacaaTaaT,aaatgcaaggggtaagtttttgT
IWGSC_CSS_6AS_scaff_4425792,Cadenza1538,4307,G,A,hom,het,agatgcttgtCggGccaG,agatgcttgtCggGccaA,gctgaagcaacgcgatcaaT
IWGSC_CSS_6BS_scaff_3003630,Cadenza1538,6933,C,T,het,het,ggcagtaatgtggtgctgagC,ggcagtaatgtggtgctgagT,tTgaCttctggtttggtggcA
IWGSC_CSS_6DL_scaff_3246988,Cadenza1538,9186,G,A,het,het,gctaaagaagagcttgagagaattC,gctaaagaagagcttgagagaattT,aatttctgaagagaggtgttgtatG
IWGSC_CSS_7AL_scaff_4480114,Cadenza1538,3446,C,T,het,---,gatatctcccacacggcgG,gatatctcccacacggcgA,tgagccactcttgcagtttT
IWGSC_CSS_7AS_scaff_4193541,Cadenza1538,8359,C,T,hom,het,agcaattctttggctatcaattagC,agcaattctttggctatcaattagT,tcatctGtcttaactctactgctG
IWGSC_CSS_7BL_scaff_6721572,Cadenza1538,9223,C,T,het,het,gctCagggaggaagacaagaaG,gctCagggaggaagacaagaaA,tgctatgaagaattccgacctC
IWGSC_CSS_7BS_scaff_3152545,Cadenza1538,3960,G,A,hom,---,tcagcaaaatcacctgcCgC,tcagcaaaatcacctgcCgT,gCtgccccatcatcgtttaT
IWGSC_CSS_7DS_scaff_3963838,Cadenza1538,2913,G,A,het,het,tCgttgcaagcCttTtgtgC,tCgttgcaagcCttTtgtgT,agaGttaTcaagcTactgtcacA
IWGSC_CSS_1AL_scaff_3903380,Cadenza1469,6193,G,A,hom,hom,ctcttcAgagatgaacgcgG,ctcttcAgagatgaacgcgA,tcGtGagatgGtggtttGTtA
IWGSC_CSS_1AS_scaff_3287728,Cadenza1469,3817,C,T,het*,hom,ccgaccaAttcactaaccgG,ccgaccaAttcactaaccgA,accctctttcccAgacatgaT
IWGSC_CSS_1BL_scaff_3815304,Cadenza1469,513,G,A,hom,hom,aacatttgcctTaCcaaaacGC,aacatttgcctTaCcaaaacGT,acacagcaagttataatgCAAgC
IWGSC_CSS_1DL_scaff_2266648,Cadenza1469,5926,C,T,het,het,caacatgagacacaacaccttC,caacatgagacacaacaccttT,gtcaacgcgtgaggattgtC
IWGSC_CSS_1DS_scaff_1906671,Cadenza1469,3697,C,T,hom,hom,tggTGtagacacttggcgaG,tggTGtagacacttggcgaA,catggcgaccaccAcctG
IWGSC_CSS_2AL_scaff_6337088,Cadenza1469,7334,G,A,het*,hom,acaatgccAagttgacaggttG,acaatgccAagttgacaggttA,gggagtgttggttCagaacaT
IWGSC_CSS_2BL_scaff_7972799,Cadenza1469,8995,C,T,het,hom,gTgCtcctcGgcatccttC,gTgCtcctcGgcatccttT,gatccgGgcaaactacgTG
IWGSC_CSS_2DL_scaff_9832343,Cadenza1469,3262,G,A,het,het,TtgtctaAcagcacCGcagG,TtgtctaAcagcacCGcagA,agatctcggtcagcctttcT
IWGSC_CSS_2DS_scaff_5327939,Cadenza1469,3889,G,A,het,het,ttttTgccttatgtgactctagtaC,ttttTgccttatgtgactctagtaT,gaggccatcacagatagcG
IWGSC_CSS_3B_scaff_10395219,Cadenza1469,1292,G,A,hom,---,aggtgcttgtgcttgctgG,aggtgcttgtgcttgctgA,cctcttctgggggctttataC
IWGSC_CSS_3B_scaff_10592217,Cadenza0580,2994,C,T,het,---,acagcagtatcaagcccctC,acagcagtatcaagcccctT,tgatactgttgTggCggagG
IWGSC_CSS_3DS_scaff_2596771,Cadenza0580,1037,G,A,het,het,tggttatgCAcaggataatCagG,tggttatgCAcaggataatCagA,tggcaaatgtgatgtcattaggT
IWGSC_CSS_4AL_scaff_7093953,Cadenza0580,9881,C,T,hom,hom,GacaggaagccggtaacaC,GacaggaagccggtaacaT,ctccAgcaggcatgggaT
IWGSC_CSS_4BL_scaff_7037448,Cadenza0580,1837,C,T,hom,hom,CgttgaaaaGctgcaagaacttaaC,CgttgaaaaGctgcaagaacttaaT,cagttcttccTtCaGagcagataT
IWGSC_CSS_4BS_scaff_4929479,Cadenza0580,10668,G,A,hom,---,tggattttcccgcactgttC,tggattttcccgcactgttT,gtaaacaaggcatttcaagagtcA
IWGSC_CSS_4DL_scaff_14359838,Cadenza0580,1408,G,A,hom,---,gCtcAttcagggatTGTcCtaTatG,gCtcAttcagggatTGTcCtaTatA,tgaCagaacagttggtcatacT
IWGSC_CSS_4DS_scaff_2276484,Cadenza0580,8034,G,A,hom,hom,gccgtggttgatggAgaG,gccgtggttgatggAgaA,cgtccagattactgatacttgcA
IWGSC_CSS_5AL_scaff_2756579,Cadenza0580,5278,G,A,het,het,tgaatggatttttcgtcccgttC,tgaatggatttttcgtcccgttT,ggAAtCCTATgCAgaAgAaaCTG
IWGSC_CSS_5BL_scaff_10787208,Cadenza0580,10627,G,A,het,---,gcctctcacatgcggagaC,gcctctcacatgcggagaT,acgatgtcAggtggGcgT
IWGSC_CSS_5BS_scaff_2282179,Cadenza0580,5267,G,A,het,---,tgatgggctacgacgtgC,tgatgggctacgacgtgT,tcggcgcccttgaaAtcC
IWGSC_CSS_5DL_scaff_4498073,Cadenza0423,4937,C,T,hom,hom,gcaccctctggttggtcatC,gcaccctctggttggtcatT,tgagcagcaAagcagccG
IWGSC_CSS_5DS_scaff_2738970,Cadenza0423,2319,C,T,het,---,cgtgaggtgggtgatttgC,cgtgaggtgggtgatttgT,tggaactagttacactgcagtTC
IWGSC_CSS_6AL_scaff_5757109,Cadenza0423,2788,G,A,hom,hom,caggaGcctggcaaataaaGG,caggaGcctggcaaataaaGA,ctttcGcagtctcttagtttcG
IWGSC_CSS_6AS_scaff_4387871,Cadenza0423,2543,G,A,hom,hom,gcatgctaacaggcgaaaagG,gcatgctaacaggcgaaaagA,ctcatgctcctgatcttaaggtT
IWGSC_CSS_6BL_scaff_4271391,Cadenza0423,4660,C,T,hom,hom,tacgtgcatgatgtggtagtcgtaC,tacgtgcatgatgtggtagtcgtaT,gtttgaagtgcatcagatgTaccA
IWGSC_CSS_6DS_scaff_1880206,Cadenza0423,9159,G,A,het,het,ctgCgaaggctccacaaG,ctgCgaaggctccacaaA,ggatgagaagtttgcattgctC
IWGSC_CSS_7AS_scaff_4227506,Cadenza0423,952,G,A,het,---,ccatgtgtttccaatgttagagC,ccatgtgtttccaatgttagagT,tgccctagctggtatgcT
IWGSC_CSS_7BL_scaff_6681782,Cadenza0423,1486,C,T,hom,hom,agtaagCGtgacagcaatggG,agtaagCGtgacagcaatggA,AtgtctTtgGtggaagtacatcA
IWGSC_CSS_7BS_scaff_3160328,Cadenza0423,7801,C,T,het,het,tgttaaatGatacagCctgcagC,tgttaaatGatacagCctgcagT,tggaatggtgCgttgttttT
IWGSC_CSS_7DS_scaff_407428,Cadenza0423,2051,G,A,het,het,gtcGCgccatcctgacaG,gtcGCgccatcctgacaA,actcatcAggtcagcccaA