IWGSC contig,Line,Pos,WT,Mut,MAPS,M4 ,Primer 1 (Kronos),Primer 2 (mutant),Common Primer
IWGSC_CSS_1AS_scaff_3284790,Kronos3085,7449,G,A,Het,Het,ccacaccttgagcctcgC,ccacaccttgagcctcgT,gtgattttgccaggggagA
IWGSC_CSS_1BL_scaff_3897513,Kronos3085,1515,C,T,Het,Het,gcttccactGggtcctgC,gcttccactGggtcctgT,acAaggactgcttcagaGaC
IWGSC_CSS_2AL_scaff_6434745,Kronos3085,3424,C,T,Het,Het,cctcGgttttgcaaatttctatgC,cctcGgttttgcaaatttctatgT,gGCaaTggcataacaacagatA
IWGSC_CSS_3AS_scaff_3408995,Kronos3085,732,C,T,Het,Het,aggccatttcgaattccgC,aggccatttcgaattccgT,ggTgttaTccagAacctgagTG
IWGSC_CSS_3B_scaff_10708748,Kronos3085,2675,G,A,Het,Het,gttgcatgcttcacccagG,gttgcatgcttcacccagA,gtaacaatctgagttcgtagcaC
IWGSC_CSS_4AL_scaff_7132733,Kronos3085,1799,C,T,Hom,Hom,cacccgtgagtgaccctC,cacccgtgagtgaccctT,aCcGcctaGaaagaaagcttC
IWGSC_CSS_5AS_scaff_1534693,Kronos3085,4605,C,T,Het,Het,cagcttcctggccctcAtC,cagcttcctggccctcAtT,gtaCctcacgAgtcaTgagAG
IWGSC_CSS_6AS_scaff_4361911,Kronos3085,8857,G,A,Het,Het,tcacgaaagacgacttcaacctcC,tcacgaaagacgacttcaacctcT,catgaggtgctgcatctccatcA
IWGSC_CSS_6BS_scaff_3008326,Kronos3085,1528,G,A,Het,Het,ccatgttgtactggtggtgC,ccatgttgtactggtggtgT,ggaagcatggCaagtgcA
IWGSC_CSS_7AS_scaff_4214385,Kronos3085,27835,C,T,Hom,Hom,cgtaccttcgttgggaaagG,cgtaccttcgttgggaaagA,ctcttggtcagctgtataagacT
IWGSC_CSS_1AL_scaff_3929964,Kronos3191,1336,C,T,Het,Het,tttcggccatacctgacatC,tttcggccatacctgacatT,attgcctccagttcttgcaG
IWGSC_CSS_1BL_scaff_3899789,Kronos3191,7925,C,T,Het,Het,actctcacTggcagcagC,actctcacTggcagcagT,caacgtggtgcccatcGtA
IWGSC_CSS_2AL_scaff_6426728,Kronos3191,1481,G,A,Hom,Hom,gaaActgccgcagctCgC,gaaActgccgcagctCgT,ccaGcaGctcgtgagaaA
IWGSC_CSS_2BL_scaff_7960273,Kronos3191,690,C,T,Hom,Hom,gccattcatccttaggcgC,gccattcatccttaggcgT,acatgcaattgctgatgactG
IWGSC_CSS_3AS_scaff_3286603,Kronos3191,2975,G,A,Het*,Hom,ccgtgtggtttgttgtggG,ccgtgtggtttgttgtggA,gaaaggaacgtgTcaTgcaG
IWGSC_CSS_5AL_scaff_2694249,Kronos3191,2399,C,T,Het,Het,gccttccagatagagccGC,gccttccagatagagccGT,cgccacatcgacattcctG
IWGSC_CSS_5BL_scaff_10923577,Kronos3191,3713,C,T,Het,Het,gtggattgcctgagcttgC,gtggattgcctgagcttgT,tggtggccttcttgggaC
IWGSC_CSS_6AL_scaff_5823017,Kronos3191,13225,C,T,Hom,Hom,ccctttcgagcctctggaG,ccctttcgagcctctggaA,ttcgagaaggcccatcgA
IWGSC_CSS_6BS_scaff_2955394,Kronos3191,1622,C,T,Het*,Hom,gtggagatgaaggtctagcaaG,gtggagatgaaggtctagcaaA,gatactcgTgcaatgggtgT
IWGSC_CSS_7BL_scaff_6739382,Kronos3191,12261,G,A,Hom,Hom,gagacaagctttgaattgctcC,gagacaagctttgaattgctcT,CgagtgacctTcatttcccG
IWGSC_CSS_1AS_scaff_3276389,Kronos3288,9720,C,T,Hom,Hom,aCcaGcaggaccAatgtctC,aCcaGcaggaccAatgtctT,atgatgcaacctcagccaT
IWGSC_CSS_2AL_scaff_6367515,Kronos3288,6976,G,A,Het,Het,caggtcgagTgtctccgG,caggtcgagTgtctccgA,ggggtgatCtggaagggC
IWGSC_CSS_2AL_scaff_6422019,Kronos3288,4523,G,A,Het,Het,cgctaggtccctgcatagG,cgctaggtccctgcatagA,acgcAcgctaagccgtaC
IWGSC_CSS_3AL_scaff_4284850,Kronos3288,7901,C,T,Hom,Hom,tggctttggacaacatcgG,tggctttggacaacatcgA,tgtcAgcatcgacagccaG
IWGSC_CSS_4AS_scaff_5962359,Kronos3288,13049,G,A,Het,Hom,ccatcaagaagtacgagttcgaC,ccatcaagaagtacgagttcgaT,accatgcccagcttgtcA
IWGSC_CSS_6AL_scaff_5778773,Kronos3288,6853,G,A,Het,Het,gagtgaccttcccgtctttC,gagtgaccttcccgtctttT,ggagaacagctactcggcT
IWGSC_CSS_6AS_scaff_4392100,Kronos3288,3434,C,T,Het,Het,atggaagcacaggtgaccG,atggaagcacaggtgaccA,ggAagcgaaagtgaacaaacA
IWGSC_CSS_7BL_scaff_6744240,Kronos3288,9772,G,A,Het,Het,agctgttcttctcctacttcaaG,agctgttcttctcctacttcaaA,caggtcgttcttgagctcC
IWGSC_CSS_1AL_scaff_3887185,Kronos3413,9708,C,T,Hom,Hom,gcacgcctttatcgaggtaaaG,gcacgcctttatcgaggtaaaA,AgaaacagcagagcgcaA
IWGSC_CSS_2BS_scaff_3381362,Kronos3413,5160,C,T,Het*,Hom,caacttctgggctgtagtgtG,caacttctgggctgtagtgtA,tgAgaattctgacGcaaaagaC
IWGSC_CSS_3AS_scaff_3296605,Kronos3413,6154,G,A,Het,Het,ctggtcacgggctctagC,ctggtcacgggctctagT,cagcactgagagacatggaC
IWGSC_CSS_3B_scaff_10693516,Kronos3413,12632,C,T,Het,Het,ctaggcttggacaaacaggC,ctaggcttggacaaacaggT,agcttgcatctatgggcatT
IWGSC_CSS_5AS_scaff_1547699,Kronos3413,2686,G,A,Het,Het,gCtacaaccttcaccaatcgC,gCtacaaccttcaccaatcgT,gacggctttgaagtgtcatC
IWGSC_CSS_5BL_scaff_10856077,Kronos3413,5853,G,A,Het,Het,agagcttcaccccatgctC,agagcttcaccccatgctT,acgCacatttAatagctgaagC
IWGSC_CSS_6AL_scaff_5750718,Kronos3413,11046,G,A,Hom,Hom,cacgcTtcccgacttcttataG,cacgcTtcccgacttcttataA,AgacgatgtgatcaggattcaG
IWGSC_CSS_7AL_scaff_4433177,Kronos3413,3511,C,T,Het,Het,GaTgctccGtcaggctgG,GaTgctccGtcaggctgA,cactactggacaagctcttgG
IWGSC_CSS_7BL_scaff_6742567,Kronos3413,667,C,T,Het,Het,gttgcttgcgtggcagaC,gttgcttgcgtggcagaT,cattttgcaccgtgtgtcTG
IWGSC_CSS_1AL_scaff_3976389,Kronos3935,10941,C,T,Hom,Hom,ggtgaggagatcggCgatG,ggtgaggagatcggCgatA,cagtcatctacatgagaggtcaG
IWGSC_CSS_1BL_scaff_3873362,Kronos3935,1392,G,A,Het,Het,cagatctgaagcctaGcacatG,cagatctgaagcctaGcacatA,actaccagaatcagcacaaaaAC
IWGSC_CSS_2BL_scaff_7882382,Kronos3935,2721,C,T,Het,Het,gcaagctaagatgtaccgtagC,gcaagctaagatgtaccgtagT,gccacagtaggagaaagactT
IWGSC_CSS_3AL_scaff_4242376,Kronos3935,2410,C,T,Het,Het,agaacccaaaacccgTacttaG,agaacccaaaacccgTacttaA,gtagGgtCcatcCtaaagcttG
IWGSC_CSS_3B_scaff_10485067,Kronos3935,3349,C,T,Hom,Hom,gcttgagcaactactccaactG,gcttgagcaactactccaactA,gcaatttcctttaTccgcagT
IWGSC_CSS_4AS_scaff_5984153,Kronos3935,6006,G,A,Het,Het,agCaggtctggccaagttG,agCaggtctggccaagttA,cgaatGtatgaGtaggcgcT
IWGSC_CSS_4BL_scaff_7019402,Kronos3935,9081,C,T,Het,Het,tgcaatcatgtagtgagctgG,tgcaatcatgtagtgagctgA,agcatgatccctagaaCcataC
IWGSC_CSS_5BL_scaff_10842786,Kronos3935,3304,G,A,Het,Het,tggttcccGaagcctgaaC,tggttcccGaagcctgaaT,cgcatacttgaaacaTGagcAC
IWGSC_CSS_6BS_scaff_3045205,Kronos3935,2293,G,A,Het,Het,aaggaccaagcccaaactctcG,aaggaccaagcccaaactctcA,agtgatcaagcccaatgtcgcA
IWGSC_CSS_7AL_scaff_4555249,Kronos3935,4487,C,T,Het,Het,cAgtgctcgagatggcgC,cAgtgctcgagatggcgT,cCttgcaaccctcctgatT
IWGSC_CSS_1BL_scaff_3918498,Kronos4240,6096,G,A,Het,Het,ttgcatgccccaagaagaG,ttgcatgccccaagaagaA,tgggcgaactggtaatgtgG
IWGSC_CSS_2BS_scaff_5131713,Kronos4240,5900,G,A,Het,Het,cctttatcgaggaaagagacacC,cctttatcgaggaaagagacacT,caccattgtagggttccttTttC
IWGSC_CSS_5AL_scaff_2769540,Kronos4240,9626,C,T,Het,Het,tgCagtgtgggaaacggaG,tgCagtgtgggaaacggaA,catgagtGagatcttcctgcT
IWGSC_CSS_5BL_scaff_10871091,Kronos4240,7062,G,A,Het,Het,gccaaggAaccataacctgC,gccaaggAaccataacctgT,GgactcttggcAaccggA
IWGSC_CSS_6AL_scaff_5800333,Kronos4240,2360,G,A,Het,Het,cgacaggattgtgagCgC,cgacaggattgtgagCgT,tcagatgctgcaagattcatcT
IWGSC_CSS_7BL_scaff_6716931,Kronos4240,2613,G,A,Het,Het,gGtgGgtattTgcttggtgaG,gGtgGgtattTgcttggtgaA,tgGtggactcgacaGtGtA
IWGSC_CSS_2BL_scaff_8029221,Kronos4346,2860,G,A,Het,Het,tgcttccgctcttgctcC,tgcttccgctcttgctcT,atTtgcatTCgAtcgggcC
IWGSC_CSS_3B_scaff_10460714,Kronos4346,14359,C,T,Hom,Hom,ctaccttgccatgcgacatG,ctaccttgccatgcgacatA,agcaccccagtctttgacG
IWGSC_CSS_4AS_scaff_5989735,Kronos4346,6404,G,A,Hom,Hom,acgcatgctaacatcagcC,acgcatgctaacatcagcT,actcaagataccaCcgcacG
IWGSC_CSS_5BL_scaff_7648030,Kronos4346,6893,C,T,Het,Het,taccctttcctactggcagG,taccctttcctactggcagA,ttttcagaggaacacaggtatcA
IWGSC_CSS_6AL_scaff_5755840,Kronos4346,778,C,T,Het,Het,atcgagtaagctgtcacCgC,atcgagtaagctgtcacCgT,acctgcatgtcaCatccaC
IWGSC_CSS_6BS_scaff_2972151,Kronos4346,7876,G,A,Hom,Hom,gcagcaatgtcActgtttgG,gcagcaatgtcActgtttgA,gcttggactgggcatttatG
IWGSC_CSS_7AL_scaff_4542983,Kronos4346,18700,G,A,Het,Het,gcagggctAccggatacC,gcagggctAccggatacT,catctgccGgttaaacatgC
IWGSC_CSS_7BS_scaff_3098098,Kronos4346,5183,C,T,Het,Het,gCgatatggtacttgcaatgaG,gCgatatggtacttgcaatgaA,ttacattgcttataGTttgCcgG
IWGSC_CSS_1AS_scaff_3259804,Kronos4485,219,C,T,Het,Het,gtcggcacaaccccttgC,gtcggcacaaccccttgT,gcttctttaaggagggcgA
IWGSC_CSS_2AL_scaff_6315418,Kronos4485,10490,G,A,Hom,Hom,gcccctctcaaCcttctcagC,gcccctctcaaCcttctcagT,ttcagacgctCgaggaatttccC
IWGSC_CSS_2BS_scaff_5181092,Kronos4485,3742,G,A,Het,Het,TggccagcacacctgcaG,TggccagcacacctgcaA,tggacgatgagTgatggAaaT
IWGSC_CSS_3B_scaff_10425015,Kronos4485,2372,C,T,Het,Het,gctactgaagttggCtcGG,gctactgaagttggCtcGA,cttcacatccttgggggTtC
IWGSC_CSS_3B_scaff_10775915,Kronos4485,4701,C,T,Het,Het,ccaagggctgcagagagG,ccaagggctgcagagagA,agacctcacgatGtcctcC
IWGSC_CSS_5AL_scaff_2754304,Kronos4485,2301,G,A,Het,Het,taacccTgccatcgcccG,taacccTgccatcgcccA,cattgGccagccaTgacT
IWGSC_CSS_5BL_scaff_10919959,Kronos4485,1867,C,T,Hom,Hom,gatgccctttgtggagaagG,gatgccctttgtggagaagA,tcttgttcccgaaacatgtcA
IWGSC_CSS_7AS_scaff_4245431,Kronos4485,3402,G,A,Hom,Hom,aaggcgcctggtgtttcC,aaggcgcctggtgtttcT,agtaagtggaAcagctaagatcaT
IWGSC_CSS_7BL_scaff_6667357,Kronos4485,641,C,T,Het,Het,gatcAgctgctcattcgagG,gatcAgctgctcattcgagA,ttccctgtcaattgatgccC