IWGSC contig,Line,Pos,WT,Mut,MAPS,M4 ,Primer 1 (Kronos),Common Primer
IWGSC_CSS_1AS_scaff_3287964,Kronos4254,3430,G,A,Het*,Hom,GATAGGAATTAGACTGATTC,ACAGTATGGCTTCTTTTTCAGC
IWGSC_CSS_1AS_scaff_3287964,Kronos2088,1305,G,A,Het,Het,ATGCATAGATCAGGAAGAATG,CATCAATGGGCAGAATCCAAGCTCAGGGA
IWGSC_CSS_1BS_scaff_3463122,Kronos2536,14395,G,A,Hom,Hom,CTCTTCGGCAAGATCTGTGAÊ,TCGGCCGGTACAGTTAGAC
IWGSC_CSS_1BS_scaff_3463128,Kronos3720,14552,C,T,Het*,Hom,GCCGGTGGCCAAGAAGAGC ,CACATCACAATTATGTACTcCTGC
IWGSC_CSS_1BS_scaff_3463128,Kronos2531,Ê14332,G,A,Het,Het,ACTCCTGCTTAATTAAATTTGTACCCTGCA,ATATCACCAACTGATTGTTTC
IWGSC_CSS_1BS_scaff_3473017,Kronos1051,4776,G,A,Het,Het,TGCAGACCAACAGGCTAAGA,ATGTGTCCAGCGCTTTACCT
IWGSC_CSS_2AL_scaff_5133291,Kronos2233,785,G,A,Het,Het,CCGGGGGAGCTCCAAGTACA,AGCTAGGAGGAGAGCGATGGTGGTAAATA
IWGSC_CSS_2BL_scaff_2901645,Kronos3634,1002,G,A,Het,Hom,CAGCATCTCTCTGCCGGCAC,TCGGTATCGAACAGCCCCAAGTAGAGGTAC
IWGSC_CSS_2BL_scaff_7943322,Kronos2209,7138,C,T,Hom,Hom,GGTAACATCCAAACAAGTCTTATCACCTAGCT,ACATGTTCTTTATTATACCTTTATAGACA
IWGSC_CSS_2BL_scaff_8085378,Kronos2991,17069,G,A,Het,Het,CCATTGACCATCAACTAGATCA,TGAACCAGCATTCCTGATA
IWGSC_CSS_2BS_scaff_5169641,Kronos2489,4370,C,T,Hom,Hom ,CATTTATAGCTCAAGTTTTAGTGGTG,GCACTACAGCAGGGCCTCTT
IWGSC_CSS_2BS_scaff_5176399,Kronos2594,2045,G,A,Het,Het,GCCTCCGCCAGCGCTTCTGCCAGCAGT ,CATGAAGAAAATCGATCCTAAAAGG
IWGSC_CSS_2BS_scaff_5176399,Kronos2091,1915,C,T,Het,Het,GCTCGTGAACGTTCCCGTGGTC,GCTGAGGTCGGCGCCGCACCTCTCAGGCT
IWGSC_CSS_2BS_scaff_5186635,Kronos2620,2234,C,T,Hom,Hom,TGGGAAAGCATGCATATTGA,GCTGATGTGACGGGAAAACT 
IWGSC_CSS_3AL_scaff_4257087,Kronos656,180,G,A,Hom,Hom,CTCCCCTGGTATGTCTGCAT,ACATGGTGATGTCAAACTGCTAA
IWGSC_CSS_3AL_scaff_4263764,Kronos692,1370,C,T,Hom,Hom,GTGAACTGATGTCTTCAAACAAGGGTCG,GAGGCGGATTTCTGCGGCATA
IWGSC_CSS_3AL_scaff_4342642,Kronos463,4737,G,A,Hom,Hom,AATTCCATGGAGAGTCTGCCACATAACTAG,GAACCATTTAATATGTGCTCCTTA
IWGSC_CSS_3AL_scaff_4387054,Kronos3179,1039,G,A,Het,Het,TTATCTATATGTAATTCGTTCC,TAGGGAAAGCAAATACAACAGTCACCTGT 
IWGSC_CSS_3AS_scaff_3324175Ê,Kronos2019,6301,C,T,Het*,Hom,TGGCATCCTGGAAGCTCTTT,ATTGGGGTGAGATCTGAGCA
IWGSC_CSS_3AS_scaff_3324175Ê,Kronos0401,2737,G,A,Het,Hom,TGCTTGATGTTGGTTGTGGT,GAAACCCATTTGAGCGAGAG
IWGSC_CSS_3B_scaff_10430895,Kronos445,11936,C,T,Het,Het,ACTACCTTGGATGGCTTTTTCTTGCGTCGA,AAACAAAGTAGACATAATTATTTAG
IWGSC_CSS_3B_scaff_10600478,Kronos2215,1060,G,A,Hom,Hom,ATTTCCCTCCTCTCCCTGTAATTCTGCA ,ACGCATGATCTGGTGTAGAATG
IWGSC_CSS_3B_scaff_10614985Ê,Kronos2205,2968,G,A,Hom,Hom,TGGCATCCTGGAAGCTCTTT,ATAGGGCTGTGATCTGAGCA
IWGSC_CSS_3B_scaff_10614985Ê,Kronos2241,4509,C,T,Hom,Hom,TGCTCAGATCACAGCCCTAT,CAAATATGGCCTTGTCAGCA
IWGSC_CSS_3B_scaff_10645141,Kronos234,1914,C,T,Hom,Hom,GCGTGAAACTGACTTCAAGGAT,GCTCGGCCCATTCCAGAAATGTAAA
IWGSC_CSS_4AL_scaff_6409814,Kronos776,672,G,A,Hom,Hom,TTGGAATCAATGGATCAATGAGT,GGTGCGCAGGGGAAGCAGACTTGAATT
IWGSC_CSS_4AL_scaff_7152393,Kronos2713,11229,G,A,Hom,Hom,GGATTCAGGCACATAATACACTTTCTGC,GACAGTCGCATTATTCATCTACTGATCATCG
IWGSC_CSS_4AL_scaff_7152393,Kronos2170,11400,C,T,Het,Het,GGATTCAGGCACATAATACACTTTCTGC,GACAGTCGCATTATTCATCTACTGATCATCG
IWGSC_CSS_4BS_scaff_4913659,Kronos934,5188,C,T,Het,Het,GACTCCTCCTGCAGCACCTA,AACCCGGCGTTGCCGAGG
IWGSC_CSS_5BL_scaff_10820313Ê,Kronos 4369,5760,C,T,Het,Het,GCTTCCAGTCAGACCTCGTC,AATTGACCATTGATCGCACA
IWGSC_CSS_5AL_scaff_2205676,Kronos463,3435,C,T,Het,Het,AGCTAATTGTGTACTCACTTTATGCATGCA,TTGTTAGCTGTGAGTTAAACTCGTTAG
IWGSC_CSS_5AL_scaff_2205676,Kronos2338,1655,C,T,Het,Het,CACAAAGTAGGTTTAATTGATCTG,TCAGTCAAAATTGTGCAATCACCC
IWGSC_CSS_5BL_scaff_10886394,Kronos1440,7121,G,A,Hom,Hom,ACTGCACTCTCTCCCAGCTC,AATCAATGGCTGGCTAATGG
IWGSC_CSS_5BL_scaff_10886394,Kronos2135,7181,C,T,Het,Het,ACTGCACTCTCTCCCAGCTC,AATCAATGGCTGGCTAATGG
IWGSC_CSS_5BL_scaff_10886394,Kronos2084,7161,G,A,Het,Het,ACTGCACTCTCTCCCAGCTC,AATCAATGGCTGGCTAATGG
IWGSC_CSS_5BL_scaff_10904272,Kronos3946,7511,C,T,Het,Het,CTTCTCCGCTCCAAGGCCAGAGCCAAGCGG,TCATCTGATCTCCTTCGTGC
IWGSC_CSS_5BL_scaff_10913218,Kronos334,9754,C,T,Het,Het,GCCCCTTCCGGCGTGAGGGAC,GGGTGGTGTTCATGATGGCT
IWGSC_CSS_5BS_scaff_2237861,Kronos344,5635,G,A,Hom,Hom,GCACAGGGAAGCCATACAAÊ,TGGCACTAAACATTTCCGCT
IWGSC_CSS_6AS_scaff_4388419,Kronos2467,2552,C,T,Het*,Hom,TAGCCGAGTTTGACCAGAAAAAGCGAAGGT,GCTGAGTTGGTGTGACCATA
IWGSC_CSS_6AS_scaff_4388419,Kronos4671,2778,G,A,Het,Het,TGAAGCTCGGCAAGAGAACC,GCTGAGTTGGTGTGACCATA
IWGSC_CSS_6AS_scaff_4388419,Kronos2513,1864,G,A,Het,Het,CATTTCACTCTAGATTCCTCAAAAT,AGCCTGACCGAATAGGAAATTTGGCTGGT
IWGSC_CSS_6AS_scaff_4392667,Kronos2942,9224,G,A,Hom,Hom,TCTGCTCAATTGTTTTCGATCGA,AGGATCAGGTAATCCACAAGAACTAGTCGA
IWGSC_CSS_6AS_scaff_4392667,Kronos563,7151,C,T,Het,Het,AGGAAATAAGAGAAGTATCAATCAATCGA,CCACCTAGGAAAGAAGATACT
IWGSC_CSS_6AS_scaff_4392667,Kronos263,5879,C,T,Het,Het,GGCGAGGCCCACACCAAGTT,GAGCGTCAAGAAACACCCACCGGCTGCAGT
IWGSC_CSS_6BL_scaff_4207030,Kronos4353,595,G,A,Hom,Hom,TGCGCCCATCTGTCTCTGCATCTACCTGCA,AAACCTCTATATACAGTATGTTAT
IWGSC_CSS_6BL_scaff_4385559,Kronos278,1922,C,T,Het,Het,TCAAGTTCACCTTGCTTCTGATT,CGGCTGGGAGTGCGAGACGAGAAGCGTTT
IWGSC_CSS_6BS_scaff_2928775,Kronos422,1360,C,T,Het*,Hom,ACATTTTGTGCTAAAACTTTTGTAT,AAATAGGAAATTAGGCTGTTGCCTTGGAT
IWGSC_CSS_6BS_scaff_2928775,Kronos1071,1238,C,T,Het,Het,TTCAAAGTTACTCACACAAAAGCTCCATG,GTTTGGAAATTCATTCGTAAGCG
IWGSC_CSS_6BS_scaff_527202,Kronos679,3929,C,T,Het,Het,TAATAAATGCTTTTGCCATTGATGCTGCA ,TGGGAAAGGCCTTCCATGACTA
IWGSC_CSS_7AL_scaff_4536617,Kronos849,7318,G,A,Hom,Hom,CCCGAACAGTTAGTATTGCATAC,GCATCCCTAAGTGGTCTTTTT
IWGSC_CSS_7AS_scaff_4058401,Kronos3953,199,G,A,Hom,Hom,GAACTGACGAGGTTCGGTCTCCCCGCTGCA ,AAACGGGCAGCGTGGATTTGT
IWGSC_CSS_7AS_scaff_4176378,Kronos3078,790,G,A,Het,Het,TGATGGTTGTGTGGATTAGAATCA,CTGGTGCGCAGGGGAAGCAGACTTGGAAT
IWGSC_CSS_7AS_scaff_4253310,Kronos1107,7739,G,A,Hom,Hom,TCGATCTACACTAGGAAGAAGGAAG,GTGGGCCATGGGTAGG
IWGSC_CSS_7AS_scaff_4253310,Kronos1279,7741,G,A,Hom,Hom,TCGATCTACACTAGGAAGAAGGAAG,GTGGGCCATGGGTAGG
IWGSC_CSS_7AS_scaff_4253310,Kronos508,7872,G,A,Het,Het,TCGATCTACACTAGGAAGAAGGAAG,GTGGGCCATGGGTAGG
IWGSC_CSS_7AS_scaff_4253310,Kronos944,7826,G,A,Het,Het,TCGATCTACACTAGGAAGAAGGAAG,GTGGGCCATGGGTAGG
UCW_Kronos_U_deg7180000269681,Kronos3946,1040,G,A,Het,Het,GTGGTTTGTCCGATGGTTGA,TGATAATGTGGGCGAAGTGA
UCW_Kronos_U_deg7180000269681,Kronos2992,567,G,A,Het,Het,GCTGGCCTTTGTCCGTCTGATTCCTCTAG ,TATCCAGTGTTAATCACGAGC
UCW_Kronos_U_jcf7180000426752,Kronos579,747,C,T,Hom,Hom,GAGTCCAAGTACTGCGACAGG,GGGTTTATCTGGCTCTGAGAAG
UCW_Kronos_U_jcf7180000438968Ê,Kronos2350,2000,C,T,Het,Het,GCATGCAGATGAAGCACAGT,GCAGAAAAGGTCCTGGAAGA
UCW_Kronos_U_jcf7180000447250 ,Kronos2381,995,C,T,Het,Het,TGCAGACCAACAGGCTAAGA,ATGTATGTGTCCGGTGCTCA