 ,,,,,Cluster I isolates,,Cluster II isolates,,Cluster III isolates,,,Cluster IV isolates,
,Contig,Position,Allele X,Allele Y,13/26,13/123,CL1,T-13/3,13/09,13/23,13/182,13/36,13/40
Assay 1,PST130_14470,268,C,T,X:Y,X:Y,X:X,X:X,X:X,X:X,X:X,X:X,X:X
Assay 2,PST130_8160,11876,C,T,Y:Y,Y:Y,X:Y,X:Y,X:Y,X:Y,X:Y,X:Y,X:Y
Assay 3,PST130_14628,1712,A,C,X:Y,-,X:X,X:X,X:X,X:X,X:X,X:X,X:X
Assay 4,PST130_14898,503,G,A,X:X,X:X,X:Y,X:Y,X:Y,X:Y,-,X:Y,X:Y
Assay 5,PST130_28344,2372,A,G,Y:Y,Y:Y,X:Y,X:Y,Y:Y,Y:Y,Y:Y,Y:Y,Y:Y
Assay 6,PST130_7634,3463,A,C,Y:Y,Y:Y,X:Y,X:Y,Y:Y,Y:Y,Y:Y,Y:Y,Y:Y
Assay 7,PST130_7629,11699,G,A,Y:Y,Y:Y,X:Y,X:Y,Y:Y,Y:Y,Y:Y,Y:Y,Y:Y
Assay 8,PST130_10943,2979,C,T,X:Y,X:Y,X:Y,X:Y,X:X,X:X,X:X,X:Y,X:Y
Assay 9,PST130_10126,6216,G,T,Y:Y,Y:Y,X:X,X:X,X:X,X:X,-,Y:Y,Y:Y
Assay 10,PST130_22010,172,C,T,Y:Y,Y:Y,Y:Y,Y:Y,X:Y,X:Y,-,X:Y,X:Y
Assay 11,PST130_16961,1098,C,T,X:X,X:X,X:Y,X:Y,Y:Y,Y:Y,Y:Y,X:Y,X:Y
Assay 12,PST130_6915,2710,A,T,Y:Y,Y:Y,Y:Y,Y:Y,Y:Y,X:Y,X:Y,Y:Y,Y:Y
Assay 13,PST130_12479,1428,C,T,X:X,X:X,Y:Y,Y:Y,X:X,X:X,X:X,Y:Y,X:X
Assay 14,PST130_7634,3883,C,G,X:X,X:X,X:Y,X:Y,X:X,X:X,X:Y,X:Y,X:X
Assay 15,PST130_14470,456,T,C,Y:Y,Y:Y,X:Y,X:Y,Y:Y,Y:Y,X:Y,Y:Y,Y:Y